subject,session,N_trials_remembered_raw,N_trials_forgotten_raw,N_trials_remembered_clean,N_trials_forgotten_clean
LTP063,17,138,118,125,104
LTP063,1,131,125,114,117
LTP063,6,138,118,113,101
LTP063,2,147,109,115,97
LTP063,14,148,108,143,105
LTP063,19,152,104,143,103
LTP063,5,148,108,117,93
LTP063,7,73,151,66,144
LTP063,0,109,147,94,125
LTP063,16,156,100,141,96
LTP063,4,190,66,177,64
LTP063,18,96,160,82,134
LTP063,15,124,132,116,125
LTP063,3,156,100,115,83
LTP064,15,248,8,215,6
LTP064,0,226,30,226,30
LTP064,7,193,31,150,20
LTP064,18,244,12,242,12
LTP064,16,243,13,216,13
LTP064,3,230,26,218,25
LTP064,4,208,48,204,47
LTP064,19,243,13,212,11
LTP064,6,246,10,234,10
LTP064,1,225,31,225,31
LTP064,14,228,28,120,12
LTP064,5,190,66,188,66
LTP064,2,180,76,167,71
LTP064,17,252,4,208,3
LTP065,5,129,127,111,118
LTP065,14,133,123,130,116
LTP065,19,139,117,124,99
LTP065,2,142,114,134,109
LTP065,6,132,124,126,113
LTP065,17,118,138,102,119
LTP065,1,136,120,136,115
LTP065,3,132,124,115,109
LTP065,18,139,117,131,109
LTP065,15,124,132,115,122
LTP065,4,110,146,100,112
LTP065,0,153,103,149,103
LTP065,16,143,113,129,109
LTP065,7,94,130,94,130
LTP066,17,177,79,148,52
LTP066,5,192,64,170,51
LTP066,2,179,77,171,71
LTP066,14,180,76,129,44
LTP066,6,176,80,168,70
LTP066,1,183,73,161,68
LTP066,19,133,123,108,80
LTP066,3,191,65,178,57
LTP066,4,188,68,162,42
LTP066,16,125,131,100,81
LTP066,18,111,145,109,142
LTP066,0,182,74,171,71
LTP066,7,144,80,132,73
LTP066,15,115,141,110,137
LTP067,4,201,55,159,44
LTP067,19,155,101,118,76
LTP067,14,183,73,130,45
LTP067,3,162,94,77,49
LTP067,7,141,83,108,49
LTP067,17,165,91,100,54
LTP067,0,188,68,184,67
LTP067,2,160,96,112,53
LTP067,15,174,82,108,54
LTP067,18,151,105,64,61
LTP067,5,184,72,92,40
LTP067,1,177,79,159,73
LTP067,16,151,105,113,76
LTP067,6,178,78,167,75
LTP068,1,145,111,100,69
LTP068,2,131,125,101,100
LTP068,0,137,119,95,77
LTP068,3,113,143,72,79
LTP068,4,112,144,52,76
LTP069,14,194,62,191,61
LTP069,4,132,124,90,78
LTP069,3,150,106,149,105
LTP069,19,188,68,178,67
LTP069,17,169,87,165,85
LTP069,7,120,104,116,99
LTP069,0,150,106,145,101
LTP069,18,189,67,182,66
LTP069,2,159,97,142,89
LTP069,5,161,95,158,95
LTP069,15,185,71,179,70
LTP069,1,151,105,149,105
LTP069,6,167,89,141,76
LTP069,16,139,117,130,112
LTP070,3,134,122,98,97
LTP070,4,127,129,101,99
LTP070,16,141,115,117,101
LTP070,18,146,110,141,106
LTP070,0,137,119,132,111
LTP070,7,106,118,75,87
LTP070,15,140,116,97,72
LTP070,17,133,123,79,70
LTP070,5,150,106,148,105
LTP070,2,147,109,118,87
LTP070,14,142,114,62,37
LTP070,6,149,107,113,92
LTP070,1,128,128,106,112
LTP070,19,128,128,55,66
LTP073,17,192,64,171,54
LTP073,7,172,52,172,52
LTP073,0,155,101,155,101
LTP073,14,173,83,158,76
LTP073,4,180,76,162,68
LTP073,3,163,93,161,92
LTP073,19,186,70,186,70
LTP073,1,194,62,192,62
LTP073,16,151,105,121,90
LTP073,6,188,68,172,65
LTP073,2,148,108,136,102
LTP073,18,207,49,203,49
LTP073,15,175,81,156,70
LTP073,5,203,53,197,53
LTP074,16,223,33,105,19
LTP074,2,202,54,181,52
LTP074,5,227,29,186,25
LTP074,15,235,21,164,15
LTP074,1,205,51,143,40
LTP074,6,246,10,205,7
LTP074,18,233,23,151,13
LTP074,4,221,35,186,29
LTP074,3,196,60,102,38
LTP074,17,241,15,185,10
LTP074,19,239,17,159,11
LTP074,7,197,27,162,23
LTP074,0,194,62,137,44
LTP074,14,226,30,109,15
LTP075,3,114,142,90,103
LTP075,4,125,131,111,117
LTP075,0,109,147,106,142
LTP075,7,98,126,89,112
LTP075,5,123,133,120,131
LTP075,2,119,137,118,135
LTP075,6,129,127,126,122
LTP075,1,125,131,121,119
LTP076,0,166,90,166,89
LTP076,16,237,19,236,19
LTP076,7,198,26,191,23
LTP076,3,249,7,249,7
LTP076,18,248,8,237,8
LTP076,4,235,21,234,21
LTP076,15,234,22,203,21
LTP076,6,234,22,224,22
LTP076,17,254,2,249,2
LTP076,1,164,92,160,88
LTP076,14,244,12,244,12
LTP076,5,243,13,243,12
LTP076,2,207,49,202,48
LTP076,19,250,6,240,6
LTP077,18,180,76,146,65
LTP077,0,156,100,147,96
LTP077,7,125,99,124,99
LTP077,15,169,87,126,68
LTP077,3,155,101,141,85
LTP077,4,164,92,153,89
LTP077,16,177,79,153,72
LTP077,14,185,71,161,58
LTP077,6,184,72,179,67
LTP077,1,157,99,135,87
LTP077,19,155,101,123,79
LTP077,17,179,77,140,60
LTP077,5,158,98,149,95
LTP077,2,161,95,153,87
LTP078,0,205,51,184,44
LTP079,15,207,49,193,45
LTP079,18,254,2,238,2
LTP079,3,190,66,190,66
LTP079,7,167,57,158,54
LTP079,16,252,4,234,4
LTP079,0,174,82,169,82
LTP079,2,167,89,165,88
LTP079,19,245,11,237,10
LTP079,14,234,22,214,22
LTP079,5,229,27,222,26
LTP079,1,171,85,123,68
LTP079,17,227,29,220,28
LTP079,6,208,48,193,46
LTP080,0,133,123,133,120
LTP080,2,195,61,193,60
LTP080,1,164,92,158,87
LTP081,1,150,106,150,106
LTP081,17,132,124,117,98
LTP081,6,167,89,145,79
LTP081,2,158,98,153,97
LTP081,14,139,117,127,96
LTP081,19,144,112,129,108
LTP081,5,162,94,140,90
LTP081,7,113,111,112,110
LTP081,0,138,118,130,112
LTP081,16,130,126,99,103
LTP081,18,166,90,152,87
LTP081,4,173,83,164,75
LTP081,3,158,98,158,98
LTP081,15,144,112,105,90
LTP082,19,160,96,157,96
LTP082,5,173,83,170,83
LTP082,14,134,122,129,111
LTP082,2,164,92,159,92
LTP082,6,173,83,171,82
LTP082,1,160,96,105,71
LTP082,17,167,89,153,83
LTP082,3,155,101,154,101
LTP082,15,167,89,160,86
LTP082,4,154,102,149,101
LTP082,18,165,91,163,90
LTP082,16,159,97,145,88
LTP082,0,157,99,155,98
LTP082,7,121,103,102,67
LTP083,0,132,124,132,124
LTP084,0,121,135,115,130
LTP084,7,80,144,69,121
LTP084,14,87,169,72,145
LTP084,4,150,106,140,97
LTP084,15,74,182,55,143
LTP084,6,101,155,86,129
LTP084,1,150,106,142,104
LTP084,16,59,197,42,159
LTP084,5,129,127,117,120
LTP084,2,127,129,124,125
LTP085,18,172,84,166,82
LTP085,2,152,104,149,104
LTP085,5,181,75,181,75
LTP085,15,169,87,168,84
LTP085,1,159,97,156,96
LTP085,6,169,87,164,83
LTP085,16,171,85,163,81
LTP085,4,179,77,179,77
LTP085,14,158,98,152,91
LTP085,19,177,79,166,74
LTP085,3,170,86,169,84
LTP085,7,102,122,97,110
LTP085,17,178,78,172,75
LTP085,0,153,103,150,102
LTP086,14,138,118,92,66
LTP086,4,159,97,121,80
LTP086,3,146,110,139,105
LTP086,19,130,126,107,99
LTP086,17,187,69,156,60
LTP086,7,105,119,100,88
LTP086,0,131,125,130,124
LTP086,2,128,128,109,103
LTP086,18,153,103,136,88
LTP086,15,122,134,103,112
LTP086,5,150,106,103,76
LTP086,1,141,115,132,106
LTP086,16,177,79,120,53
LTP086,6,145,111,110,90
LTP087,17,65,191,59,183
LTP087,0,111,145,110,134
LTP087,7,73,151,68,136
LTP087,14,70,186,48,124
LTP087,3,101,155,94,126
LTP087,4,108,148,108,145
LTP087,19,95,161,78,138
LTP087,6,119,137,113,119
LTP087,1,119,137,117,136
LTP087,16,75,181,71,166
LTP087,18,74,182,63,163
LTP087,5,158,98,149,87
LTP087,2,125,131,108,105
LTP087,15,57,199,53,180
LTP088,1,136,120,127,114
LTP088,15,127,129,120,122
LTP088,18,114,142,72,109
LTP088,6,150,106,146,95
LTP088,2,156,100,119,84
LTP088,16,185,71,149,65
LTP088,5,181,75,179,73
LTP088,7,169,55,152,53
LTP088,19,208,48,194,46
LTP088,14,193,63,170,60
LTP088,0,130,126,130,121
LTP088,4,223,33,172,26
LTP088,17,172,84,152,76
LTP088,3,201,55,180,49
LTP089,0,139,117,122,114
LTP089,7,49,175,27,123
LTP089,3,157,99,127,81
LTP089,4,151,105,134,98
LTP089,6,131,125,104,90
LTP089,1,153,103,147,99
LTP089,5,115,141,92,102
LTP089,2,138,118,119,105
LTP090,1,179,77,177,76
LTP090,14,173,83,151,69
LTP090,19,188,68,169,64
LTP090,6,185,71,182,70
LTP090,2,196,60,188,57
LTP090,17,171,85,159,72
LTP090,5,194,62,184,55
LTP090,18,189,67,175,58
LTP090,7,153,71,127,57
LTP090,0,159,97,159,97
LTP090,15,144,112,131,102
LTP090,4,167,89,166,88
LTP090,3,198,58,190,57
LTP090,16,165,91,156,82
LTP091,0,108,148,106,144
LTP091,15,158,98,79,50
LTP091,18,145,111,105,77
LTP091,7,134,90,125,81
LTP091,3,128,128,125,124
LTP091,16,162,94,93,51
LTP091,4,101,155,101,155
LTP091,19,144,112,144,110
LTP091,6,158,98,138,79
LTP091,1,110,146,94,120
LTP091,14,117,139,102,123
LTP091,5,150,106,150,101
LTP091,2,100,156,83,136
LTP091,17,129,127,129,127
LTP092,14,202,54,158,40
LTP092,1,181,75,155,67
LTP092,6,208,48,172,42
LTP092,19,206,50,195,50
LTP092,17,217,39,188,35
LTP092,2,186,70,136,48
LTP092,5,209,47,191,43
LTP092,18,199,57,157,44
LTP092,7,148,76,90,32
LTP092,0,158,98,152,94
LTP092,15,208,48,172,39
LTP092,4,198,58,181,54
LTP092,3,198,58,170,49
LTP092,16,226,30,201,26
LTP093,17,151,105,140,91
LTP093,1,123,133,120,130
LTP093,6,92,164,87,142
LTP093,14,111,145,93,132
LTP093,2,117,139,111,131
LTP093,5,143,113,114,94
LTP093,19,157,99,117,67
LTP093,7,98,126,86,114
LTP093,0,122,134,122,134
LTP093,16,161,95,131,83
LTP093,18,134,122,121,106
LTP093,4,116,140,97,100
LTP093,3,126,130,125,128
LTP093,15,135,121,80,73
LTP094,7,108,116,93,97
LTP094,19,127,129,47,53
LTP094,14,98,158,76,121
LTP094,0,153,103,128,88
LTP094,4,131,125,97,95
LTP094,3,119,137,78,69
LTP094,17,88,168,63,122
LTP094,15,106,150,80,108
LTP094,1,112,144,97,122
LTP094,6,121,135,101,110
LTP094,18,115,141,79,85
LTP094,2,146,110,117,83
LTP094,16,84,172,50,108
LTP094,5,112,144,84,113
LTP095,14,63,193,36,127
LTP095,19,118,138,72,81
LTP095,5,102,154,46,91
LTP095,1,137,119,117,89
LTP095,17,84,172,62,145
LTP095,6,79,177,72,168
LTP095,4,104,152,75,100
LTP095,18,128,128,107,109
LTP095,15,51,205,39,162
LTP095,3,119,137,67,67
LTP095,7,80,144,44,65
LTP095,16,76,180,58,158
LTP095,0,134,122,127,116
LTP096,7,119,105,85,71
LTP096,18,180,76,111,43
LTP096,0,135,121,122,107
LTP096,4,49,207,16,51
LTP096,16,128,128,68,80
LTP096,3,188,68,177,56
LTP096,14,88,168,64,124
LTP096,1,176,80,159,65
LTP096,6,99,157,77,131
LTP096,19,193,63,134,40
LTP096,17,143,113,99,75
LTP096,2,79,177,39,88
LTP096,5,152,104,97,63
LTP097,0,182,74,144,60
LTP097,1,214,42,164,29
LTP097,2,218,38,130,19
LTP098,14,178,78,95,41
LTP098,1,129,127,122,121
LTP098,6,175,81,158,72
LTP098,19,186,70,160,57
LTP098,2,144,112,128,97
LTP098,5,187,69,167,63
LTP098,7,125,99,108,88
LTP098,18,202,54,144,46
LTP098,15,210,46,174,37
LTP098,0,132,124,125,115
LTP098,4,173,83,157,73
LTP098,16,206,50,178,49
LTP099,2,127,129,107,105
LTP099,16,116,140,100,113
LTP099,5,134,122,104,87
LTP099,15,109,147,96,125
LTP099,1,119,137,113,134
LTP099,6,148,108,147,108
LTP099,18,147,109,143,104
LTP099,4,165,91,137,73
LTP099,3,129,127,129,126
LTP099,17,190,66,179,57
LTP099,7,59,165,53,120
LTP099,19,153,103,146,98
LTP099,14,161,95,151,85
LTP099,0,117,139,50,81
LTP100,4,157,99,134,85
LTP100,3,123,133,89,99
LTP100,16,166,90,123,71
LTP100,18,163,93,60,23
LTP100,7,89,135,63,82
LTP100,0,131,125,119,116
LTP100,15,138,118,80,55
LTP100,2,129,127,68,57
LTP100,17,208,48,89,16
LTP100,5,144,112,104,73
LTP100,1,147,109,119,89
LTP100,14,153,103,119,75
LTP100,19,174,82,64,30
LTP100,6,143,113,127,99
LTP101,3,147,109,105,74
LTP101,4,187,69,174,66
LTP101,0,201,55,197,54
LTP101,7,130,94,73,54
LTP101,5,207,49,139,37
LTP101,2,180,76,143,56
LTP101,6,199,57,145,41
LTP101,1,159,97,122,68
LTP102,4,164,92,135,76
LTP102,16,95,161,94,160
LTP102,3,128,128,109,104
LTP102,18,93,163,73,144
LTP102,7,102,122,87,96
LTP102,0,120,136,99,114
LTP102,15,107,149,100,142
LTP102,17,81,175,74,167
LTP102,2,139,117,120,104
LTP102,5,174,82,164,79
LTP102,1,141,115,120,88
LTP102,14,94,162,94,161
LTP102,19,99,157,94,145
LTP102,6,143,113,128,109
LTP103,6,101,155,99,154
LTP103,15,57,199,50,169
LTP103,18,60,196,48,176
LTP103,1,92,164,70,141
LTP103,5,69,187,59,165
LTP103,16,82,174,70,142
LTP103,2,85,171,65,147
LTP103,0,77,179,62,148
LTP103,14,94,162,79,143
LTP103,7,55,169,55,164
LTP103,3,80,176,37,94
LTP103,17,84,172,77,142
LTP103,4,98,158,98,158
LTP104,14,193,63,192,62
LTP104,0,168,88,155,86
LTP104,19,183,73,180,70
LTP104,7,155,69,154,68
LTP104,3,208,48,208,48
LTP104,17,187,69,184,68
LTP104,4,199,57,185,55
LTP104,6,213,43,193,38
LTP104,18,191,65,168,59
LTP104,1,184,72,181,72
LTP104,15,185,71,150,61
LTP104,5,206,50,206,50
LTP104,16,188,68,183,65
LTP104,2,199,57,197,57
LTP105,14,200,56,176,50
LTP105,2,194,62,181,62
LTP105,7,149,75,134,71
LTP105,15,122,134,121,131
LTP105,18,159,97,159,96
LTP105,0,218,38,215,38
LTP105,16,148,108,148,106
LTP105,3,191,65,175,58
LTP106,3,220,36,164,33
LTP106,18,218,38,182,36
LTP106,15,215,41,162,29
LTP106,4,226,30,165,19
LTP106,0,196,60,160,46
LTP106,16,211,45,190,41
LTP106,7,172,52,154,40
LTP106,5,225,31,169,23
LTP106,14,223,33,215,33
LTP106,19,214,42,183,34
LTP106,2,226,30,222,30
LTP106,6,225,31,185,26
LTP106,17,218,38,209,36
LTP106,1,218,38,201,33
LTP107,4,153,103,140,88
LTP107,3,156,100,106,60
LTP107,15,189,67,150,55
LTP107,7,118,106,118,104
LTP107,0,110,146,108,142
LTP107,16,204,52,203,52
LTP107,2,122,134,101,108
LTP107,14,201,55,177,53
LTP107,5,171,85,166,85
LTP107,1,122,134,97,97
LTP107,6,171,85,161,81
LTP108,3,126,130,93,103
LTP108,4,187,69,139,57
LTP108,17,124,132,70,55
LTP108,0,129,127,124,124
LTP108,19,132,124,126,98
LTP108,14,153,103,140,93
LTP108,7,119,105,109,103
LTP108,16,160,96,117,82
LTP108,5,172,84,113,62
LTP108,2,110,146,71,99
LTP108,6,167,89,134,70
LTP108,15,163,93,112,63
LTP108,18,121,135,107,124
LTP108,1,116,140,84,109
LTP109,5,61,195,58,195
LTP109,2,177,79,174,79
LTP109,1,178,78,160,66
LTP109,3,110,146,107,145
LTP109,4,167,89,141,66
LTP109,0,148,108,147,107
LTP110,2,211,45,130,28
LTP110,16,181,75,171,74
LTP110,5,234,22,220,22
LTP110,1,195,61,154,46
LTP110,18,203,53,180,51
LTP110,15,218,38,196,34
LTP110,6,207,49,187,45
LTP110,17,205,51,201,49
LTP110,4,218,38,194,36
LTP110,3,212,44,174,38
LTP110,14,207,49,187,48
LTP110,7,180,44,148,35
LTP110,0,154,102,147,101
LTP110,19,212,44,204,44
LTP111,16,197,59,189,58
LTP111,4,148,108,124,81
LTP111,3,161,95,130,65
LTP111,15,145,111,94,52
LTP111,7,132,92,128,89
LTP111,0,143,113,120,98
LTP111,18,198,58,137,37
LTP111,2,188,68,157,47
LTP111,5,171,85,143,73
LTP111,17,185,71,183,71
LTP111,19,189,67,172,53
LTP111,1,152,104,113,78
LTP111,6,200,56,190,53
LTP111,14,190,66,179,63
LTP112,7,53,171,51,162
LTP112,17,110,146,15,19
LTP112,0,127,129,58,67
LTP112,4,131,125,106,90
LTP112,19,178,78,58,22
LTP112,14,214,42,199,38
LTP112,3,151,105,70,33
LTP112,1,151,105,102,65
LTP112,16,95,161,63,80
LTP112,6,153,103,66,43
LTP112,2,208,48,46,7
LTP112,15,205,51,182,48
LTP112,18,91,165,64,117
LTP112,5,203,53,128,38
LTP113,7,147,77,115,62
LTP113,0,147,109,103,75
LTP113,4,120,136,91,93
LTP113,3,158,98,139,92
LTP113,1,157,99,134,86
LTP113,6,132,124,122,118
LTP113,2,170,86,141,67
LTP113,5,139,117,114,85
LTP114,4,135,121,110,97
LTP114,15,69,187,69,185
LTP114,18,120,136,79,86
LTP114,3,154,102,99,72
LTP114,16,105,151,102,144
LTP114,7,79,145,75,127
LTP114,0,129,127,42,30
LTP114,19,88,168,81,165
LTP114,2,130,126,68,71
LTP114,5,134,122,99,93
LTP114,14,102,154,99,141
LTP114,1,113,143,113,143
LTP114,17,117,139,89,109
LTP114,6,119,137,91,113
LTP115,0,154,102,148,97
LTP115,19,205,51,193,49
LTP115,14,203,53,201,53
LTP115,7,152,72,129,63
LTP115,3,157,99,120,82
LTP115,17,215,41,208,41
LTP115,4,184,72,184,72
LTP115,15,223,33,223,33
LTP115,6,188,68,173,62
LTP115,1,127,129,114,110
LTP115,18,210,46,170,40
LTP115,16,191,65,77,24
LTP115,5,191,65,188,65
LTP115,2,161,95,158,93
LTP116,0,140,116,126,106
LTP116,4,145,111,102,93
LTP116,3,136,120,112,94
LTP116,1,142,114,118,97
LTP116,2,145,111,141,102
LTP117,19,222,34,208,33
LTP117,5,166,90,134,78
LTP117,2,159,97,88,49
LTP117,14,182,74,127,53
LTP117,6,172,84,141,63
LTP117,1,146,110,137,103
LTP117,17,186,70,92,30
LTP117,15,180,76,127,54
LTP117,3,164,92,164,92
LTP117,4,167,89,166,88
LTP117,18,215,41,193,36
LTP117,16,220,36,212,33
LTP117,0,144,112,140,109
LTP117,7,134,90,130,87
LTP118,1,160,96,149,92
LTP118,14,105,151,81,112
LTP118,19,87,169,67,150
LTP118,6,104,152,99,136
LTP118,2,142,114,132,110
LTP118,17,107,149,104,141
LTP118,5,103,153,87,144
LTP118,7,84,140,67,108
LTP118,18,96,160,87,150
LTP118,15,100,156,90,149
LTP118,0,128,128,76,56
LTP118,4,106,150,44,81
LTP118,16,88,168,57,99
LTP118,3,137,119,128,104
LTP119,0,185,71,181,70
LTP119,7,118,106,79,82
LTP119,3,176,80,161,71
LTP119,4,186,70,138,53
LTP119,6,164,92,107,66
LTP119,1,159,97,98,60
LTP119,5,147,109,114,83
LTP119,2,193,63,172,60
LTP120,0,135,121,46,39
LTP120,17,142,114,142,114
LTP120,7,119,105,67,56
LTP120,3,121,135,120,134
LTP120,14,127,129,52,67
LTP120,19,145,111,124,95
LTP120,4,130,126,130,125
LTP120,6,128,128,117,118
LTP120,16,150,106,143,102
LTP120,1,126,130,126,130
LTP120,5,121,135,115,126
LTP120,18,133,123,124,116
LTP120,15,130,126,128,120
LTP120,2,133,123,133,122
LTP121,0,134,122,131,119
LTP121,3,137,119,118,97
LTP121,4,133,123,114,90
LTP121,1,135,121,132,121
LTP121,2,159,97,139,84
LTP122,4,197,59,180,55
LTP122,3,153,103,130,91
LTP122,17,241,15,222,15
LTP122,19,241,15,208,14
LTP122,7,142,82,124,61
LTP122,0,145,111,108,76
LTP122,14,244,12,217,9
LTP122,16,237,19,218,19
LTP122,2,152,104,128,88
LTP122,5,215,41,205,40
LTP122,15,243,13,208,12
LTP122,1,134,122,125,119
LTP122,6,220,36,208,34
LTP122,18,239,17,206,16
LTP123,14,151,105,141,102
LTP123,7,106,118,88,99
LTP123,0,135,121,132,121
LTP123,19,156,100,154,99
LTP123,17,172,84,144,66
LTP123,4,141,115,122,105
LTP123,3,138,118,127,105
LTP123,18,158,98,149,91
LTP123,1,139,117,131,112
LTP123,6,146,110,137,102
LTP123,15,152,104,131,95
LTP123,2,145,111,145,111
LTP123,5,143,113,119,97
LTP123,16,156,100,136,80
LTP124,4,188,68,182,67
LTP124,3,156,100,135,90
LTP124,0,142,114,129,101
LTP124,2,184,72,175,69
LTP124,5,177,79,174,76
LTP124,1,175,81,161,77
LTP124,6,178,78,147,69
LTP125,16,170,86,145,78
LTP125,6,185,71,152,68
LTP125,1,161,95,144,86
LTP125,5,174,82,172,81
LTP125,15,178,78,161,68
LTP125,18,204,52,204,51
LTP125,2,158,98,150,93
LTP125,0,144,112,134,100
LTP125,17,192,64,181,58
LTP125,7,130,94,126,92
LTP125,19,199,57,188,53
LTP125,3,181,75,44,18
LTP125,4,166,90,155,87
LTP125,14,180,76,178,76
LTP126,2,124,132,39,47
LTP126,1,97,159,56,71
LTP126,3,108,148,51,77
LTP126,0,123,133,65,65
LTP127,7,135,89,127,80
LTP127,17,209,47,197,47
LTP127,0,174,82,170,81
LTP127,4,192,64,170,56
LTP127,14,178,78,164,75
LTP127,19,180,76,173,76
LTP127,3,176,80,174,80
LTP127,1,156,100,130,79
LTP127,6,176,80,151,67
LTP127,16,202,54,193,51
LTP127,18,191,65,180,62
LTP127,2,161,95,160,92
LTP127,5,193,63,170,54
LTP127,15,199,57,191,52
LTP128,3,197,59,130,35
LTP128,19,251,5,244,5
LTP128,14,253,3,104,1
LTP128,4,213,43,187,37
LTP128,0,156,100,138,84
LTP128,7,171,53,155,34
LTP128,17,249,7,193,6
LTP128,15,242,14,175,10
LTP128,5,217,39,77,6
LTP128,2,199,57,185,52
LTP128,18,250,6,214,5
LTP128,6,226,30,95,14
LTP128,16,245,11,137,4
LTP128,1,172,84,71,43
LTP129,0,129,127,105,112
LTP129,3,146,110,123,92
LTP129,4,181,75,163,70
LTP129,1,126,130,103,94
LTP129,5,178,78,158,68
LTP129,2,148,108,127,86
LTP130,6,127,129,113,105
LTP130,17,136,120,109,106
LTP130,1,135,121,115,102
LTP130,19,162,94,130,81
LTP130,14,120,136,82,110
LTP130,2,149,107,143,104
LTP130,16,128,128,94,106
LTP130,0,119,137,113,130
LTP130,7,85,139,72,111
LTP130,15,108,148,86,111
LTP130,3,141,115,126,109
LTP130,4,163,93,160,93
LTP130,18,114,142,75,90
LTP131,3,167,89,157,85
LTP131,17,238,18,173,13
LTP131,4,178,78,139,62
LTP131,19,230,26,165,19
LTP131,0,153,103,122,73
LTP131,7,146,78,112,54
LTP131,14,234,22,193,21
LTP131,16,249,7,184,7
LTP131,5,178,78,173,74
LTP131,2,163,93,150,89
LTP131,6,193,63,145,44
LTP131,15,237,19,103,6
LTP131,18,244,12,225,12
LTP131,1,146,110,139,104
LTP132,19,181,75,120,55
LTP132,4,153,103,128,83
LTP132,3,147,109,119,97
LTP132,14,173,83,160,76
LTP132,7,112,112,79,94
LTP132,17,154,102,135,91
LTP132,0,132,124,73,72
LTP132,2,128,128,112,116
LTP132,15,135,121,80,86
LTP132,18,191,65,166,57
LTP132,5,179,77,144,60
LTP132,16,180,76,100,45
LTP132,1,142,114,123,100
LTP132,6,150,106,98,65
LTP133,3,145,111,129,96
LTP133,15,162,94,151,93
LTP133,18,145,111,134,106
LTP133,4,149,107,143,98
LTP133,0,161,95,159,95
LTP133,16,168,88,158,80
LTP133,7,129,95,125,91
LTP133,19,140,116,115,80
LTP133,5,159,97,147,90
LTP133,2,166,90,156,82
LTP133,14,142,114,141,114
LTP133,6,142,114,138,108
LTP133,1,154,102,153,101
LTP133,17,149,107,131,96
LTP134,1,187,69,180,66
LTP134,6,169,87,169,86
LTP134,16,182,74,167,65
LTP134,18,141,115,117,96
LTP134,2,179,77,111,47
LTP134,5,192,64,186,64
LTP134,15,146,110,75,52
LTP134,17,208,48,180,43
LTP134,7,158,66,156,66
LTP134,0,136,120,127,107
LTP134,14,219,37,129,24
LTP134,4,193,63,144,45
LTP134,3,200,56,138,38
LTP134,19,207,49,159,34
LTP135,2,147,109,142,108
LTP135,16,129,127,127,118
LTP135,5,138,118,138,117
LTP135,18,155,101,143,89
LTP135,1,125,131,92,90
LTP135,6,133,123,123,111
LTP135,15,137,119,135,116
LTP135,17,158,98,132,82
LTP135,4,137,119,112,82
LTP135,3,136,120,116,93
LTP135,7,116,108,95,83
LTP135,14,139,117,110,90
LTP135,19,165,91,156,76
LTP135,0,136,120,124,113
LTP136,16,134,122,116,99
LTP136,3,131,125,113,99
LTP136,4,131,125,117,102
LTP136,0,117,139,87,92
LTP136,15,131,125,106,113
LTP136,18,150,106,106,67
LTP136,7,113,111,102,93
LTP136,5,135,121,124,114
LTP136,17,142,114,83,66
LTP136,2,108,148,103,139
LTP136,19,143,113,112,90
LTP136,6,129,127,113,109
LTP136,1,119,137,107,123
LTP136,14,132,124,130,120
LTP137,0,151,105,97,76
LTP137,14,237,19,171,13
LTP137,7,166,58,130,37
LTP137,3,215,41,215,41
LTP137,4,228,28,228,28
LTP137,6,219,37,198,35
LTP137,15,210,46,194,40
LTP137,1,134,122,133,122
LTP137,5,226,30,210,28
LTP137,2,174,82,173,81
LTP138,18,219,37,201,32
LTP138,0,141,115,139,110
LTP138,7,159,65,158,65
LTP138,15,229,27,214,24
LTP138,3,181,75,151,64
LTP138,4,192,64,180,58
LTP138,16,224,32,202,30
LTP138,6,202,54,179,47
LTP138,14,199,57,183,54
LTP138,19,221,35,211,35
LTP138,1,157,99,145,86
LTP138,5,181,75,180,75
LTP138,17,218,38,203,35
LTP138,2,172,84,169,83
LTP139,6,179,77,159,68
LTP139,1,175,81,150,63
LTP139,16,206,50,153,34
LTP139,18,214,42,201,39
LTP139,5,209,47,180,42
LTP139,2,187,69,170,64
LTP139,15,202,54,163,39
LTP139,17,180,76,179,75
LTP139,0,156,100,137,92
LTP139,7,163,61,145,58
LTP139,14,202,54,185,52
LTP139,3,196,60,186,58
LTP139,4,193,63,173,59
LTP139,19,223,33,217,33
LTP140,3,189,67,164,56
LTP140,17,214,42,196,36
LTP140,4,213,43,190,38
LTP140,0,138,118,124,108
LTP140,19,198,58,163,53
LTP140,14,208,48,185,40
LTP140,7,165,59,125,46
LTP140,5,154,102,143,88
LTP140,16,210,46,176,41
LTP140,2,179,77,139,61
LTP140,6,173,83,168,80
LTP140,15,214,42,187,36
LTP140,18,219,37,181,33
LTP140,1,156,100,119,72
LTP141,2,122,134,122,134
LTP141,15,146,110,143,106
LTP141,18,159,97,156,95
LTP141,5,133,123,117,106
LTP141,16,117,139,102,126
LTP141,1,118,138,93,103
LTP141,6,135,121,135,121
LTP141,19,138,118,125,107
LTP141,4,137,119,134,114
LTP141,3,117,139,114,138
LTP141,14,135,121,133,116
LTP141,7,81,143,45,72
LTP141,17,175,81,159,78
LTP141,0,125,131,120,119
LTP142,4,175,81,171,79
LTP142,3,159,97,158,96
LTP142,17,138,118,57,50
LTP142,19,192,64,183,60
LTP142,7,120,104,79,72
LTP142,0,145,111,89,79
LTP142,14,167,89,146,69
LTP142,16,173,83,88,52
LTP142,2,143,113,135,102
LTP142,5,134,122,134,122
LTP142,15,178,78,136,58
LTP142,1,152,104,87,60
LTP142,6,155,101,134,96
LTP142,18,162,94,141,82
LTP143,4,156,100,145,95
LTP143,17,102,154,72,112
LTP143,3,84,172,84,172
LTP143,7,94,130,94,130
LTP143,19,95,161,91,154
LTP143,14,125,131,113,114
LTP143,0,97,159,96,156
LTP143,16,136,120,125,110
LTP143,2,107,149,92,122
LTP143,5,144,112,137,106
LTP143,15,148,108,140,103
LTP143,1,81,175,76,165
LTP143,6,137,119,132,118
LTP143,18,138,118,111,89
LTP144,6,151,105,141,98
LTP144,1,142,114,124,101
LTP144,16,188,68,184,67
LTP144,5,165,91,140,78
LTP144,2,158,98,97,60
LTP144,15,156,100,110,69
LTP144,0,133,123,67,51
LTP144,17,224,32,217,31
LTP144,7,137,87,77,46
LTP144,3,156,100,96,57
LTP144,14,172,84,135,70
LTP144,4,168,88,145,84
LTP145,0,117,139,85,98
LTP145,7,122,102,99,83
LTP145,16,161,95,151,91
LTP145,3,164,92,151,74
LTP145,18,165,91,160,89
LTP145,15,162,94,136,80
LTP145,4,155,101,149,92
LTP145,6,172,84,163,80
LTP145,17,159,97,153,94
LTP145,1,156,100,142,90
LTP145,14,154,102,129,87
LTP145,5,167,89,144,81
LTP145,19,140,116,136,111
LTP145,2,154,102,153,100
LTP146,7,98,126,97,122
LTP146,0,113,143,101,119
LTP146,17,155,101,109,76
LTP146,19,217,39,207,39
LTP146,4,121,135,118,134
LTP146,3,140,116,98,99
LTP146,14,204,52,163,44
LTP146,16,167,89,161,87
LTP146,1,129,127,127,122
LTP146,6,120,136,118,130
LTP146,15,198,58,196,58
LTP146,2,138,118,137,115
LTP146,5,129,127,126,126
LTP146,18,215,41,207,40
LTP147,4,221,35,143,23
LTP147,3,210,46,172,41
LTP147,17,187,69,139,54
LTP147,19,221,35,193,31
LTP147,7,164,60,113,26
LTP147,0,149,107,146,104
LTP147,14,202,54,134,34
LTP147,16,198,58,153,51
LTP147,2,199,57,195,52
LTP147,5,200,56,123,34
LTP147,15,168,88,68,43
LTP147,1,170,86,131,71
LTP147,6,182,74,159,54
LTP147,18,182,74,77,42
LTP148,17,189,67,169,55
LTP148,1,163,93,156,91
LTP148,6,165,91,142,74
LTP148,14,161,95,157,92
LTP148,2,173,83,137,67
LTP148,5,142,114,112,97
LTP148,19,213,43,191,38
LTP148,7,123,101,113,91
LTP148,0,148,108,119,90
LTP148,16,211,45,203,44
LTP148,18,225,31,207,30
LTP148,4,135,121,123,109
LTP148,3,151,105,148,105
LTP148,15,179,77,178,76
LTP149,5,208,48,169,41
LTP149,2,196,60,154,49
LTP149,6,199,57,192,55
LTP149,1,180,76,177,76
LTP149,3,213,43,175,36
LTP149,4,215,41,186,34
LTP149,0,165,91,149,82
LTP150,2,205,51,203,51
LTP150,14,221,35,217,35
LTP150,19,231,25,201,21
LTP150,5,244,12,205,10
LTP150,1,193,63,188,59
LTP150,17,236,20,234,19
LTP150,6,241,15,227,15
LTP150,18,232,24,228,24
LTP150,4,229,27,200,24
LTP150,3,224,32,209,32
LTP150,15,229,27,220,26
LTP150,7,198,26,196,26
LTP150,0,165,91,157,82
LTP150,16,245,11,222,9
LTP151,18,159,97,149,80
LTP151,1,194,62,185,60
LTP151,6,202,54,189,50
LTP151,15,206,50,146,41
LTP151,2,198,58,184,53
LTP151,5,208,48,206,48
LTP151,16,190,66,168,54
LTP151,7,128,96,115,85
LTP151,14,170,86,154,71
LTP151,19,201,55,191,54
LTP151,0,164,92,155,89
LTP151,4,216,40,195,38
LTP151,17,187,69,181,67
LTP151,3,198,58,198,57
LTP152,0,72,184,69,177
LTP153,6,134,122,112,103
LTP153,14,146,110,99,47
LTP153,19,174,82,147,75
LTP153,1,153,103,123,88
LTP153,5,184,72,126,45
LTP153,17,183,73,119,52
LTP153,2,179,77,119,50
LTP153,0,148,108,110,70
LTP153,18,161,95,102,69
LTP153,15,168,88,106,55
LTP153,7,103,121,60,69
LTP153,3,187,69,172,66
LTP153,16,155,101,96,68
LTP153,4,157,99,131,86
LTP154,6,173,83,157,79
LTP154,1,136,120,124,102
LTP154,5,125,131,118,121
LTP154,2,153,103,101,65
LTP154,0,121,135,96,110
LTP154,3,159,97,156,96
LTP154,4,152,104,121,78
LTP155,1,118,138,103,119
LTP155,6,146,110,114,87
LTP155,17,177,79,146,65
LTP155,19,173,83,152,75
LTP155,2,155,101,149,98
LTP155,5,144,112,134,108
LTP155,14,154,102,134,94
LTP155,7,128,96,110,78
LTP155,16,149,107,105,77
LTP155,0,114,142,95,112
LTP155,4,153,103,139,99
LTP155,15,180,76,162,71
LTP155,18,189,67,133,44
LTP155,3,146,110,139,95
LTP156,3,88,168,75,144
LTP156,4,95,161,78,137
LTP156,6,88,168,73,143
LTP156,1,83,173,79,140
LTP156,5,96,160,91,149
LTP156,2,88,168,84,161
LTP158,1,184,72,175,67
LTP158,4,178,78,156,65
LTP158,3,146,62,145,62
LTP158,0,157,99,156,99
LTP159,4,212,44,189,40
LTP159,18,169,87,152,76
LTP159,15,181,75,176,72
LTP159,3,167,89,151,85
LTP159,7,141,83,131,74
LTP159,16,187,69,166,63
LTP159,0,122,134,81,82
LTP159,2,169,87,150,78
LTP159,14,187,69,184,58
LTP159,19,142,114,139,113
LTP159,5,175,81,150,60
LTP159,1,139,117,105,81
LTP159,17,191,65,185,63
LTP159,6,173,83,150,65
LTP160,0,115,141,96,109
LTP160,3,140,116,116,96
LTP160,4,160,96,111,71
LTP160,6,134,122,88,76
LTP160,1,127,129,69,59
LTP160,5,151,105,95,73
LTP160,2,153,103,36,26
LTP161,1,121,135,75,56
LTP161,2,97,159,82,104
LTP161,5,163,93,161,92
LTP161,0,138,118,129,104
LTP161,4,164,92,153,88
LTP161,3,154,102,143,97
LTP162,1,117,139,85,103
LTP162,6,136,120,118,103
LTP162,2,111,145,108,138
LTP162,5,126,130,88,96
LTP162,0,109,147,91,108
LTP162,4,130,126,89,85
LTP162,3,127,129,48,37
LTP163,1,88,168,65,123
LTP164,5,87,169,85,162
LTP164,6,95,161,81,107
LTP164,1,80,176,57,112
LTP164,4,92,164,90,154
LTP164,0,87,169,49,86
LTP165,2,118,138,102,117
LTP165,5,117,139,69,84
LTP165,1,118,138,66,82
LTP165,6,124,132,99,115
LTP165,4,127,129,100,98
LTP165,3,129,127,94,102
LTP165,0,102,154,78,116
LTP166,4,182,74,157,57
LTP166,16,143,113,79,59
LTP166,3,164,92,148,82
LTP166,7,132,92,103,73
LTP166,15,170,86,136,79
LTP166,18,168,88,120,57
LTP166,0,185,71,185,70
LTP166,2,170,86,163,81
LTP166,17,141,115,115,106
LTP166,5,161,95,127,80
LTP166,1,151,105,131,93
LTP166,19,193,63,175,56
LTP166,14,193,63,185,62
LTP166,6,193,63,193,63
LTP167,0,154,102,116,79
LTP167,2,166,90,92,67
LTP167,1,148,108,86,80
LTP168,3,122,134,121,133
LTP168,17,125,131,106,108
LTP168,4,118,138,118,134
LTP168,0,114,142,107,130
LTP168,14,115,141,97,104
LTP168,19,121,135,107,105
LTP168,7,101,123,87,97
LTP168,5,125,131,101,104
LTP168,16,144,112,144,112
LTP168,2,125,131,117,125
LTP168,6,126,130,100,97
LTP168,18,113,143,100,119
LTP168,15,104,152,99,145
LTP168,1,124,132,116,118
LTP169,1,150,106,114,80
LTP169,6,149,107,147,107
LTP169,2,162,94,107,59
LTP169,5,153,103,82,56
LTP169,0,145,111,69,56
LTP169,4,161,95,49,42
LTP169,3,173,83,138,62
LTP170,2,100,156,92,143
LTP170,5,105,151,84,118
LTP170,1,95,161,93,146
LTP170,6,95,161,92,155
LTP170,4,110,146,106,146
LTP170,3,103,153,93,139
LTP170,0,103,153,93,125
LTP172,0,151,105,135,93
LTP173,0,92,164,57,78
LTP173,4,104,152,74,117
LTP173,1,79,177,52,100
LTP173,6,114,142,84,100
LTP173,2,94,162,71,111
LTP173,5,101,155,66,107
LTP174,19,198,58,181,52
LTP174,4,238,18,184,17
LTP174,3,241,15,198,13
LTP174,14,242,14,173,10
LTP174,7,184,40,179,35
LTP174,0,175,81,128,59
LTP174,17,246,10,198,9
LTP174,2,202,54,156,38
LTP174,15,231,25,194,22
LTP174,18,183,73,156,51
LTP174,5,238,18,140,12
LTP174,1,181,75,136,61
LTP174,16,240,16,193,12
LTP174,6,242,14,151,10
LTP175,3,114,142,81,111
LTP175,4,115,141,86,127
LTP175,0,106,150,92,134
LTP175,5,121,135,78,91
LTP175,2,120,136,104,114
LTP175,6,123,133,92,109
LTP175,1,109,147,97,127
LTP176,0,137,119,107,92
LTP176,3,160,96,119,69
LTP176,4,158,98,104,67
LTP176,6,145,111,117,92
LTP176,1,144,112,103,69
LTP176,5,153,103,138,87
LTP176,2,139,117,138,115
LTP177,4,83,173,74,134
LTP177,3,76,180,73,150
LTP177,0,71,185,56,148
LTP177,2,94,162,86,133
LTP177,5,80,176,79,171
LTP177,1,62,194,53,158
LTP177,6,77,179,62,136
LTP178,3,92,164,85,141
LTP178,4,99,157,99,157
LTP178,0,95,161,69,115
LTP178,5,95,161,88,156
LTP178,2,87,169,80,160
LTP178,6,99,157,99,157
LTP178,1,86,170,74,129
LTP179,5,131,125,83,87
LTP179,2,140,116,128,110
LTP179,6,138,118,115,98
LTP179,1,138,118,118,107
LTP179,3,137,119,104,90
LTP179,4,151,105,148,103
LTP179,0,130,126,81,76
LTP180,4,98,158,95,155
LTP180,3,83,173,63,135
LTP180,0,74,182,73,170
LTP180,2,93,163,79,130
LTP180,5,101,155,101,153
LTP180,1,80,176,80,176
LTP180,6,79,177,69,152
LTP181,0,54,202,49,164
LTP181,4,65,191,61,175
LTP181,3,69,187,66,166
LTP181,6,72,184,69,169
LTP181,2,62,194,48,143
LTP181,5,76,180,73,151
LTP182,0,81,175,55,117
LTP182,3,87,169,61,124
LTP182,4,74,182,66,158
LTP182,6,76,180,73,168
LTP182,1,66,190,56,159
LTP182,5,84,172,73,140
LTP182,2,73,183,67,172
LTP183,5,139,117,128,100
LTP183,2,108,148,95,115
LTP183,6,149,107,141,99
LTP183,1,110,146,102,129
LTP183,3,124,132,116,118
LTP183,4,133,123,117,105
LTP183,0,111,145,105,125
LTP184,14,130,126,116,111
LTP184,7,118,106,70,63
LTP184,0,134,122,123,106
LTP184,19,154,102,125,88
LTP184,17,174,82,150,70
LTP184,4,142,114,87,67
LTP184,3,160,96,149,93
LTP184,18,169,87,103,50
LTP184,1,145,111,127,96
LTP184,6,126,130,62,43
LTP184,15,132,124,112,108
LTP184,2,168,88,150,78
LTP184,5,145,111,93,70
LTP184,16,136,120,109,89
LTP185,5,241,15,240,15
LTP185,14,221,35,198,29
LTP185,2,141,115,138,112
LTP185,6,235,21,214,18
LTP185,17,162,94,155,92
LTP185,1,169,87,92,42
LTP185,3,154,102,153,101
LTP185,15,164,92,141,81
LTP185,18,185,71,184,66
LTP185,4,237,19,205,19
LTP185,0,181,75,159,58
LTP185,16,172,84,155,76
LTP185,7,197,27,197,27
LTP186,1,148,108,147,106
LTP186,6,176,80,118,59
LTP186,2,168,88,143,76
LTP186,5,158,98,102,60
LTP186,7,113,111,92,77
LTP186,0,139,117,95,61
LTP186,4,169,87,159,77
LTP186,3,163,93,154,85
LTP187,7,82,142,79,141
LTP187,17,117,139,112,136
LTP187,0,116,140,113,137
LTP187,4,109,147,109,146
LTP187,14,134,122,129,119
LTP187,19,164,92,139,86
LTP187,3,102,154,98,151
LTP187,1,116,140,106,117
LTP187,16,112,144,107,139
LTP187,6,117,139,109,128
LTP187,2,105,151,100,146
LTP187,18,117,139,116,138
LTP187,15,60,196,47,169
LTP187,5,98,158,98,158
LTP188,1,85,171,76,150
LTP188,18,69,187,68,178
LTP188,15,85,171,83,167
LTP188,6,78,178,78,176
LTP188,2,89,167,75,146
LTP188,16,85,171,85,171
LTP188,5,83,173,81,170
LTP188,14,85,171,81,164
LTP188,7,49,175,48,171
LTP188,0,108,148,107,148
LTP188,19,74,182,74,181
LTP188,17,73,183,64,169
LTP188,4,87,169,86,165
LTP188,3,91,165,88,161
LTP189,18,191,65,150,58
LTP189,1,78,178,78,177
LTP189,6,216,40,206,38
LTP189,15,158,98,134,87
LTP189,2,128,128,120,112
LTP189,5,80,176,80,176
LTP189,16,193,63,146,48
LTP189,14,106,150,87,121
LTP189,7,125,99,102,85
LTP189,0,105,151,46,76
LTP189,19,202,54,180,50
LTP189,17,150,106,120,75
LTP189,4,96,160,87,140
LTP189,3,160,96,160,96
LTP190,2,107,149,90,128
LTP190,14,89,167,47,72
LTP190,5,81,175,61,125
LTP190,1,96,160,78,126
LTP190,6,101,155,88,138
LTP190,4,79,177,43,97
LTP190,3,64,192,31,103
LTP190,7,91,133,74,106
LTP190,0,116,140,109,138
LTP191,5,194,62,187,51
LTP191,19,144,112,125,106
LTP191,14,171,85,123,58
LTP191,2,176,80,145,66
LTP191,6,172,84,154,74
LTP191,17,179,77,170,61
LTP191,1,178,78,154,66
LTP191,15,205,51,176,49
LTP191,3,167,89,156,82
LTP191,4,170,86,159,83
LTP191,18,185,71,170,69
LTP191,16,210,46,182,34
LTP191,0,158,98,90,58
LTP191,7,115,109,100,81
LTP192,7,116,108,111,104
LTP192,14,168,88,168,88
LTP192,19,179,77,149,59
LTP192,0,147,109,140,100
LTP192,17,183,73,170,68
LTP192,4,143,113,131,102
LTP192,3,161,95,132,78
LTP192,18,171,85,151,82
LTP192,1,139,117,125,104
LTP192,6,157,99,147,95
LTP192,15,162,94,126,79
LTP192,2,147,109,130,87
LTP192,16,161,95,136,77
LTP192,5,151,105,129,86
LTP193,6,204,52,150,36
LTP193,17,210,46,165,39
LTP193,1,208,48,157,40
LTP193,5,217,39,147,28
LTP193,14,215,41,211,41
LTP193,19,209,47,78,19
LTP193,2,205,51,158,34
LTP193,0,187,69,136,54
LTP193,16,223,33,183,26
LTP193,7,174,50,158,48
LTP193,3,225,31,214,31
LTP193,18,225,31,190,27
LTP193,15,221,35,172,27
LTP193,4,220,36,168,28
LTP194,17,123,133,118,131
LTP194,1,112,144,111,142
LTP194,6,127,129,126,129
LTP194,14,138,118,135,118
LTP194,2,126,130,126,130
LTP194,5,137,119,136,116
LTP194,19,155,101,138,89
LTP194,7,101,123,98,122
LTP194,0,120,136,120,136
LTP194,16,127,129,124,127
LTP194,18,129,127,129,126
LTP194,4,133,123,133,123
LTP194,3,133,123,133,123
LTP194,15,122,134,115,127
LTP195,1,186,70,123,54
LTP195,6,203,53,151,40
LTP195,16,220,36,198,33
LTP195,18,235,21,210,21
LTP195,2,177,79,174,79
LTP195,5,204,52,203,52
LTP195,15,229,27,221,27
LTP195,7,177,47,165,36
LTP195,17,233,23,210,22
LTP195,0,168,88,151,85
LTP195,4,200,56,192,55
LTP195,14,225,31,218,29
LTP195,19,233,23,213,23
LTP195,3,183,73,163,62
LTP196,2,171,85,170,85
LTP196,16,122,134,115,127
LTP196,5,158,98,138,76
LTP196,1,157,99,150,88
LTP196,15,158,98,153,97
LTP196,18,158,98,143,96
LTP196,6,166,90,153,86
LTP196,4,148,108,144,102
LTP196,3,140,116,128,108
LTP196,17,188,68,177,59
LTP196,19,184,72,182,71
LTP196,7,104,120,101,112
LTP196,0,163,93,160,89
LTP196,14,196,60,189,55
LTP197,7,165,59,102,35
LTP197,0,203,53,198,52
LTP197,16,232,24,198,21
LTP197,18,245,11,227,11
LTP197,4,191,65,168,55
LTP197,3,214,42,175,30
LTP197,15,230,26,190,23
LTP197,1,198,58,196,58
LTP197,17,243,13,221,12
LTP197,6,191,65,138,50
LTP197,2,161,95,154,89
LTP197,14,240,16,220,16
LTP197,19,202,54,113,17
LTP197,5,145,111,129,96
LTP198,2,210,46,209,45
LTP198,17,224,32,166,26
LTP198,5,204,52,202,52
LTP198,1,210,46,206,46
LTP198,19,216,40,148,28
LTP198,14,231,25,171,17
LTP198,6,192,64,156,49
LTP198,4,210,46,181,44
LTP198,16,208,48,164,40
LTP198,3,202,54,147,38
LTP198,15,224,32,191,28
LTP198,18,229,27,177,24
LTP198,0,192,64,139,53
LTP199,16,208,48,173,34
LTP199,4,156,100,152,90
LTP199,3,145,111,145,111
LTP199,15,217,39,194,31
LTP199,7,121,103,112,86
LTP199,0,114,142,98,120
LTP199,18,142,114,129,101
LTP199,2,152,104,152,104
LTP199,17,202,54,199,54
LTP199,5,151,105,149,103
LTP199,1,146,110,144,110
LTP199,19,145,111,137,110
LTP199,14,158,98,142,90
LTP199,6,159,97,159,96
LTP200,1,167,89,105,59
LTP200,17,184,72,144,59
LTP200,6,180,76,127,55
LTP200,2,148,108,148,108
LTP200,14,197,59,197,59
LTP200,19,187,69,157,57
LTP200,5,178,78,167,68
LTP200,7,129,95,93,76
LTP200,16,183,73,174,70
LTP200,0,142,114,142,114
LTP200,4,173,83,120,57
LTP200,18,195,61,191,58
LTP200,15,176,80,176,80
LTP200,3,170,86,169,85
LTP201,1,113,143,113,142
LTP201,18,201,55,182,47
LTP201,15,94,162,78,133
LTP201,6,141,115,120,86
LTP201,2,122,134,98,104
LTP201,16,85,171,73,153
LTP201,5,135,121,131,120
LTP201,7,77,147,76,146
LTP201,14,112,144,107,143
LTP201,19,106,150,106,150
LTP201,0,113,143,74,88
LTP201,4,144,112,123,96
LTP201,17,79,177,79,170
LTP201,3,153,103,134,96
LTP202,17,200,56,183,52
LTP202,2,145,111,144,101
LTP202,5,160,96,141,85
LTP202,1,154,102,129,81
LTP202,14,182,74,173,71
LTP202,19,211,45,176,40
LTP202,6,174,82,146,63
LTP202,4,167,89,139,66
LTP202,16,199,57,174,54
LTP202,3,176,80,121,64
LTP202,18,212,44,134,33
LTP202,7,113,111,103,89
LTP202,0,151,105,117,91
LTP202,15,204,52,180,43
LTP203,0,100,156,82,119
LTP203,3,113,143,107,142
LTP203,4,116,140,113,137
LTP203,6,123,133,116,130
LTP203,1,121,135,93,103
LTP203,5,109,147,95,131
LTP203,2,121,135,112,128
LTP204,6,83,173,69,128
LTP204,1,71,185,65,162
LTP204,5,83,173,41,73
LTP204,2,79,177,75,162
LTP204,0,84,172,75,155
LTP204,3,74,182,68,153
LTP204,4,92,164,61,120
LTP205,1,135,121,102,93
LTP205,6,137,119,103,100
LTP205,2,126,130,105,113
LTP205,5,130,126,100,101
LTP205,0,150,106,102,77
LTP205,4,126,130,79,105
LTP205,3,127,129,92,110
LTP206,6,102,154,89,132
LTP206,1,67,189,64,172
LTP206,5,109,147,55,66
LTP206,2,90,166,46,95
LTP206,0,91,165,74,115
LTP206,3,82,174,74,150
LTP206,4,85,171,45,94
LTP207,17,171,85,157,77
LTP207,3,119,137,118,136
LTP207,4,139,117,139,116
LTP207,14,143,113,131,104
LTP207,0,139,117,116,93
LTP207,7,118,106,102,90
LTP207,19,122,134,115,134
LTP207,5,142,114,98,81
LTP207,2,142,114,126,95
LTP207,16,118,138,101,123
LTP207,18,143,113,106,91
LTP207,6,186,70,178,68
LTP207,1,127,129,109,111
LTP207,15,110,146,110,146
LTP208,6,119,137,102,113
LTP208,1,85,171,80,146
LTP208,5,94,162,74,99
LTP208,2,100,156,76,137
LTP208,0,79,177,58,115
LTP208,3,102,154,62,94
LTP208,4,109,147,88,92
LTP209,5,128,128,109,102
LTP209,2,140,116,131,99
LTP209,17,165,91,161,88
LTP209,19,166,90,165,90
LTP209,6,123,133,116,131
LTP209,14,139,117,121,109
LTP209,1,132,124,115,109
LTP209,16,122,134,102,112
LTP209,3,157,99,151,96
LTP209,4,119,137,119,136
LTP209,0,115,141,96,116
LTP209,15,172,84,157,78
LTP209,7,123,101,123,99
LTP209,18,169,87,153,83
LTP210,1,134,122,131,115
LTP210,17,125,131,120,126
LTP210,6,135,121,130,118
LTP210,2,133,123,132,122
LTP210,19,124,132,115,126
LTP210,5,136,120,130,117
LTP210,7,98,126,92,110
LTP210,16,130,126,107,105
LTP210,0,130,126,115,105
LTP210,4,125,131,100,97
LTP210,18,149,107,95,79
LTP210,3,129,127,121,116
LTP211,3,249,7,246,7
LTP211,18,244,12,216,11
LTP211,16,250,6,228,5
LTP211,0,185,71,181,70
LTP211,7,212,12,174,10
LTP211,5,231,25,190,18
LTP211,19,248,8,234,8
LTP211,2,222,34,216,30
LTP211,6,247,9,208,9
LTP211,1,188,68,150,58
LTP211,17,249,7,231,5
LTP212,19,189,67,189,67
LTP212,4,154,102,151,102
LTP212,3,144,112,136,105
LTP212,7,86,138,86,134
LTP212,0,119,137,110,118
LTP212,17,163,93,161,92
LTP212,2,130,126,122,114
LTP212,18,145,111,125,84
LTP212,5,138,118,137,112
LTP212,1,109,147,104,141
LTP212,16,170,86,152,75
LTP212,6,149,107,146,106
LTP213,6,73,183,68,174
LTP213,1,53,203,53,198
LTP213,5,69,187,61,174
LTP213,2,61,195,59,186
LTP213,0,74,182,71,164
LTP213,3,76,180,76,178
LTP213,4,69,187,65,181
LTP214,18,220,36,184,32
LTP214,3,156,100,115,63
LTP214,7,149,75,78,48
LTP214,0,136,120,128,118
LTP214,2,137,119,53,48
LTP214,19,215,41,210,37
LTP214,5,180,76,168,73
LTP214,17,217,39,190,37
LTP214,1,153,103,121,84
LTP214,6,202,54,175,45
LTP215,7,106,118,89,100
LTP215,0,134,122,131,117
LTP215,4,106,150,85,115
LTP215,3,140,116,114,94
LTP215,1,111,145,96,115
LTP215,6,141,115,123,91
LTP215,2,126,130,118,109
LTP215,5,135,121,100,91
LTP216,2,122,134,98,98
LTP216,5,115,141,96,121
LTP216,1,111,145,68,88
LTP216,6,140,116,122,100
LTP216,4,119,137,85,97
LTP216,3,124,132,86,103
LTP216,0,105,151,52,70
LTP217,0,68,188,68,183
LTP217,3,114,142,114,142
LTP217,4,96,160,89,144
LTP217,6,108,148,96,131
LTP217,1,88,168,85,163
LTP217,5,106,150,102,142
LTP217,2,100,156,83,129
LTP218,2,103,153,89,137
LTP218,5,114,142,96,126
LTP218,1,83,173,67,149
LTP218,6,114,142,92,121
LTP218,4,94,162,83,144
LTP218,3,112,144,89,132
LTP218,0,96,160,67,117
LTP219,4,98,158,91,143
LTP219,3,101,155,88,130
LTP219,0,95,161,78,119
LTP219,2,100,156,89,132
LTP219,5,102,154,100,149
LTP219,1,86,170,84,159
LTP220,0,100,156,81,120
LTP220,3,93,163,80,141
LTP220,4,104,152,97,137
LTP220,6,118,138,108,113
LTP220,1,76,180,56,120
LTP220,5,104,152,101,142
LTP220,2,84,172,73,145
LTP221,0,114,142,96,127
LTP221,3,128,128,109,110
LTP221,4,134,122,112,105
LTP221,1,112,144,99,117
LTP221,5,133,123,88,96
LTP221,2,139,117,116,88
LTP222,2,87,169,75,151
LTP222,5,90,166,62,122
LTP222,1,93,163,77,120
LTP222,6,95,161,64,104
LTP222,4,76,180,66,154
LTP222,3,81,175,70,152
LTP222,0,97,159,71,101
LTP223,6,86,170,84,162
LTP223,1,90,166,78,150
LTP223,5,86,170,86,170
LTP223,2,77,179,62,146
LTP223,0,81,175,81,175
LTP223,3,90,166,64,131
LTP223,4,97,159,91,149
LTP224,0,82,174,79,160
LTP225,0,119,137,68,69
LTP225,3,127,129,109,105
LTP225,4,118,138,96,99
LTP225,6,116,140,110,120
LTP225,1,99,157,74,101
LTP225,5,117,139,98,115
LTP225,2,106,150,95,119
LTP226,6,104,152,90,137
LTP226,1,84,172,73,158
LTP226,5,109,147,103,137
LTP226,2,95,161,93,154
LTP226,0,97,159,84,152
LTP226,3,78,178,70,163
LTP226,4,107,149,91,134
LTP227,1,156,100,67,51
LTP227,16,192,64,98,39
LTP227,6,158,98,57,37
LTP227,2,165,91,164,90
LTP227,18,149,107,68,28
LTP227,7,118,106,53,63
LTP227,17,178,78,125,55
LTP227,0,127,129,81,79
LTP227,4,175,81,81,37
LTP227,19,181,75,99,41
LTP227,3,129,127,82,74
LTP228,19,115,141,104,127
LTP228,4,129,127,63,73
LTP228,3,140,116,114,99
LTP228,7,90,134,66,102
LTP228,0,133,123,110,105
LTP228,17,119,137,96,114
LTP228,2,127,129,78,73
LTP228,5,127,129,121,127
LTP228,18,95,161,79,133
LTP228,16,113,143,77,105
LTP228,1,149,107,147,103
LTP228,6,123,133,120,133
LTP229,5,155,101,148,97
LTP229,2,166,90,146,79
LTP229,6,173,83,159,76
LTP229,18,187,69,164,62
LTP229,1,159,97,149,91
LTP229,3,161,95,161,95
LTP229,17,182,74,155,59
LTP229,4,158,98,156,94
LTP229,0,142,114,132,107
LTP229,19,188,68,164,64
LTP229,7,124,100,119,96
LTP230,3,132,124,100,99
LTP230,4,176,80,153,66
LTP230,0,132,124,120,121
LTP230,5,124,132,115,114
LTP230,2,159,97,158,97
LTP230,6,149,107,105,88
LTP230,1,190,66,171,63
LTP231,2,123,133,100,103
LTP231,5,120,136,88,100
LTP231,18,192,64,172,57
LTP231,16,217,39,171,31
LTP231,1,142,114,140,111
LTP231,6,141,115,135,104
LTP231,19,168,88,131,63
LTP231,3,134,122,120,99
LTP231,7,106,118,94,101
LTP231,17,170,86,134,72
LTP231,0,123,133,123,132
LTP232,17,219,37,204,36
LTP232,5,156,100,145,95
LTP232,2,181,75,178,72
LTP232,6,210,46,203,45
LTP232,1,169,87,160,81
LTP232,19,226,30,195,26
LTP232,3,182,74,178,74
LTP232,4,148,108,148,108
LTP232,16,185,71,168,59
LTP232,18,219,37,211,37
LTP232,0,135,121,117,109
LTP232,7,156,68,126,53
LTP233,4,167,89,133,67
LTP233,17,175,81,124,60
LTP233,3,180,76,131,56
LTP233,7,135,89,97,59
LTP233,19,170,86,114,67
LTP233,0,141,115,133,112
LTP233,2,186,70,185,70
LTP233,5,202,54,144,42
LTP233,16,192,64,170,51
LTP233,18,161,95,120,75
LTP233,1,152,104,135,94
LTP233,6,122,134,57,60
LTP234,3,144,112,113,91
LTP234,17,115,141,100,123
LTP234,4,138,118,101,90
LTP234,19,131,125,119,111
LTP234,0,115,141,92,109
LTP234,7,105,119,64,80
LTP234,5,152,104,112,75
LTP234,16,138,118,88,87
LTP234,2,144,112,117,96
LTP234,6,126,130,120,120
LTP234,1,112,144,57,81
LTP234,18,143,113,128,101
LTP235,3,146,110,137,103
LTP235,19,132,124,126,120
LTP235,4,134,122,127,115
LTP235,0,128,128,124,122
LTP235,17,132,124,120,120
LTP235,7,90,134,79,112
LTP235,5,149,107,148,105
LTP235,18,121,135,112,129
LTP235,2,138,118,138,118
LTP235,6,144,112,144,112
LTP235,16,155,101,145,95
LTP235,1,129,127,110,100
LTP236,3,178,78,152,64
LTP236,16,205,51,191,49
LTP236,4,171,85,162,83
LTP236,0,149,107,148,105
LTP236,18,179,77,169,71
LTP236,7,145,79,137,76
LTP236,5,171,85,166,84
LTP236,2,158,98,126,82
LTP236,17,196,60,177,57
LTP236,19,173,83,152,74
LTP236,6,173,83,165,79
LTP236,1,150,106,132,93
LTP237,17,99,157,99,153
LTP237,2,104,152,102,149
LTP237,1,101,155,60,86
LTP237,6,110,146,109,146
LTP237,19,122,134,104,129
LTP237,4,101,155,79,134
LTP237,18,115,141,110,130
LTP237,7,74,150,62,124
LTP237,0,107,149,44,69
LTP238,16,166,90,163,90
LTP238,7,117,107,115,105
LTP238,0,110,146,50,67
LTP238,4,132,124,90,87
LTP238,3,154,102,146,96
LTP238,1,114,142,94,114
LTP238,6,126,130,124,130
LTP238,17,208,48,187,45
LTP238,19,206,50,179,44
LTP238,2,135,121,125,114
LTP238,5,121,135,112,119
LTP239,0,139,117,127,103
LTP239,4,150,106,134,101
LTP239,3,150,106,140,102
LTP239,1,147,109,124,80
LTP239,6,107,149,44,71
LTP239,2,140,116,130,98
LTP239,5,124,132,99,128
LTP240,2,129,127,111,110
LTP240,5,142,114,138,103
LTP240,16,135,121,120,113
LTP240,18,143,113,114,94
LTP240,1,131,125,131,121
LTP240,6,127,129,118,122
LTP240,17,140,116,139,116
LTP240,4,131,125,106,104
LTP240,3,130,126,126,122
LTP240,7,102,122,93,109
LTP240,0,119,137,107,114
LTP240,19,141,115,127,110
LTP241,0,133,123,70,73
LTP241,7,113,111,98,98
LTP241,17,159,97,70,39
LTP241,3,172,84,84,48
LTP241,4,174,82,86,40
LTP241,18,172,84,137,77
LTP241,6,149,107,115,90
LTP241,1,142,114,98,71
LTP241,5,161,95,109,80
LTP241,16,170,86,162,75
LTP241,2,176,80,135,66
LTP242,4,102,154,73,123
LTP242,3,101,155,90,144
LTP242,17,149,107,119,85
LTP242,19,130,126,72,74
LTP242,7,78,146,68,129
LTP242,0,100,156,89,146
LTP242,2,88,168,64,133
LTP242,16,116,140,105,132
LTP242,5,92,164,81,142
LTP242,1,100,156,96,144
LTP242,18,112,144,89,106
LTP242,6,99,157,72,105
LTP243,1,134,122,99,88
LTP243,17,162,94,116,53
LTP243,6,205,51,195,49
LTP243,2,165,91,160,87
LTP243,19,192,64,186,63
LTP243,5,175,81,146,64
LTP243,7,102,122,52,41
LTP243,16,174,82,165,66
LTP243,0,145,111,86,59
LTP243,4,188,68,162,49
LTP243,18,189,67,183,66
LTP243,3,195,61,194,60
LTP244,2,145,111,130,101
LTP244,5,171,85,145,60
LTP244,1,142,114,137,105
LTP244,17,155,101,145,89
LTP244,6,145,111,144,106
LTP244,4,165,91,159,88
LTP244,3,142,114,131,105
LTP244,7,104,120,63,72
LTP244,16,170,86,139,57
LTP244,0,155,101,136,92
LTP245,6,69,187,10,49
LTP245,1,82,174,49,84
LTP245,5,79,177,70,148
LTP245,2,108,148,44,69
LTP245,0,137,119,43,47
LTP245,3,124,132,101,117
LTP245,4,114,142,85,90
LTP246,3,223,33,218,31
LTP246,4,213,43,181,43
LTP246,19,188,68,179,66
LTP246,0,108,148,87,122
LTP246,17,191,65,189,64
LTP246,7,158,66,152,63
LTP246,5,197,59,184,55
LTP246,18,220,36,212,35
LTP246,2,141,115,128,101
LTP246,6,196,60,187,59
LTP246,1,119,137,99,113
LTP246,16,229,27,221,26
LTP247,1,167,89,167,89
LTP247,18,207,49,150,41
LTP247,6,173,83,153,77
LTP247,2,171,85,171,85
LTP247,16,226,30,211,29
LTP247,5,158,98,158,98
LTP247,4,168,88,68,37
LTP247,17,174,82,159,80
LTP247,3,185,71,170,63
LTP248,2,112,144,89,124
LTP248,1,124,132,101,95
LTP248,3,136,120,132,114
LTP248,4,110,146,101,136
LTP248,0,135,121,125,113
LTP249,7,107,117,104,112
LTP249,18,179,77,170,74
LTP249,0,121,135,111,120
LTP249,16,152,104,143,98
LTP249,4,163,93,151,88
LTP249,3,125,131,114,115
LTP249,19,191,65,187,61
LTP249,1,140,116,120,103
LTP249,6,146,110,145,110
LTP249,2,146,110,129,94
LTP249,5,158,98,151,91
LTP249,17,179,77,166,71
LTP250,0,108,148,41,47
LTP250,16,88,168,60,118
LTP250,7,92,132,83,124
LTP250,18,90,166,66,114
LTP250,3,111,145,107,132
LTP250,4,136,120,124,105
LTP250,17,165,91,108,69
LTP250,6,85,171,73,159
LTP250,1,133,123,120,110
LTP250,5,151,105,137,98
LTP250,19,92,164,68,102
LTP250,2,114,142,104,123
LTP251,2,123,133,121,127
LTP251,16,145,111,124,87
LTP251,5,138,118,82,85
LTP251,1,95,161,58,112
LTP251,18,98,158,98,156
LTP251,6,138,118,108,92
LTP251,4,107,149,71,105
LTP251,17,90,166,74,149
LTP251,3,160,96,105,64
LTP251,7,113,111,108,99
LTP251,19,93,163,81,151
LTP251,0,118,138,93,84
LTP252,0,128,128,116,122
LTP252,7,134,90,117,77
LTP252,19,150,106,116,82
LTP252,3,212,44,212,44
LTP252,4,190,66,148,42
LTP252,16,174,82,125,66
LTP252,6,168,88,162,86
LTP252,1,130,126,128,125
LTP252,5,161,95,135,63
LTP252,18,150,106,102,77
LTP252,2,139,117,134,111
LTP253,4,157,99,96,49
LTP253,16,232,24,204,24
LTP253,7,149,75,89,47
LTP253,18,222,34,175,30
LTP253,0,110,146,78,89
LTP253,2,124,132,118,117
LTP253,17,198,58,142,41
LTP253,5,153,103,73,61
LTP253,1,133,123,126,110
LTP253,19,171,85,97,52
LTP253,6,183,73,175,68
LTP254,5,187,69,182,68
LTP254,17,209,47,196,47
LTP254,19,183,73,172,69
LTP254,6,202,54,200,52
LTP254,1,161,95,113,78
LTP254,3,187,69,176,66
LTP254,4,181,75,124,52
LTP254,0,169,87,164,85
LTP254,7,166,58,141,50
LTP254,18,213,43,205,42
LTP256,4,191,65,160,53
LTP256,18,204,52,166,42
LTP256,3,202,54,181,49
LTP256,7,129,95,98,72
LTP256,16,185,71,150,62
LTP256,0,140,116,137,110
LTP256,2,159,97,148,91
LTP256,5,171,85,168,82
LTP256,19,201,55,99,33
LTP256,17,216,40,166,31
LTP256,1,144,112,139,111
LTP256,6,199,57,193,57
LTP257,3,90,166,66,134
LTP257,4,82,174,66,144
LTP257,0,96,160,81,111
LTP257,5,86,170,56,89
LTP257,2,79,177,67,146
LTP257,6,76,180,49,130
LTP257,1,86,170,65,109
LTP258,6,126,130,109,116
LTP258,1,106,150,102,145
LTP258,18,164,92,163,90
LTP258,5,124,132,117,124
LTP258,16,164,92,147,76
LTP258,0,108,148,91,113
LTP258,19,179,77,164,75
LTP258,7,97,127,97,120
LTP258,3,116,140,107,125
LTP258,4,125,131,120,128
LTP258,17,169,87,158,82
LTP259,6,216,40,202,34
LTP259,18,184,72,144,46
LTP259,1,216,40,211,37
LTP259,5,223,33,156,27
LTP259,16,233,23,172,12
LTP259,2,205,51,199,51
LTP259,0,198,58,194,58
LTP259,19,203,53,160,41
LTP259,7,169,55,156,54
LTP259,3,226,30,202,30
LTP259,4,220,36,201,31
LTP260,5,234,22,230,22
LTP260,19,233,23,215,20
LTP260,6,213,43,213,43
LTP260,17,244,12,232,12
LTP260,1,186,70,177,69
LTP260,18,223,33,185,30
LTP260,3,227,29,220,29
LTP260,4,222,34,220,34
LTP260,0,166,90,156,87
LTP260,7,163,61,158,58
LTP260,16,231,25,196,17
LTP261,2,135,121,128,111
LTP261,5,146,110,127,96
LTP261,18,104,152,94,137
LTP261,7,103,121,87,93
LTP261,0,150,106,148,103
LTP261,19,140,116,102,93
LTP261,3,159,97,153,91
LTP262,2,96,160,57,99
LTP262,5,92,164,51,91
LTP262,1,108,148,78,110
LTP262,6,90,166,47,99
LTP262,4,109,147,54,67
LTP262,3,89,167,48,114
LTP262,0,90,166,48,102
LTP263,19,214,42,202,38
LTP263,17,207,49,194,44
LTP263,5,193,63,174,54
LTP263,2,172,84,49,19
LTP263,18,173,83,158,73
LTP263,0,151,105,147,103
LTP263,7,133,91,125,82
LTP263,4,193,63,140,38
LTP263,16,223,33,188,28
LTP264,4,188,68,176,67
LTP264,18,220,36,208,35
LTP264,3,202,54,193,51
LTP264,7,166,58,135,52
LTP264,0,175,81,174,80
LTP264,2,194,62,190,61
LTP264,5,197,59,159,48
LTP264,19,219,37,210,36
LTP264,17,232,24,219,23
LTP264,1,161,95,138,83
LTP264,6,218,38,204,36
LTP265,4,175,81,156,73
LTP265,19,183,73,163,66
LTP265,3,141,115,124,101
LTP265,7,131,93,128,92
LTP265,17,196,60,170,57
LTP265,0,147,109,127,97
LTP265,2,151,105,131,87
LTP265,18,157,99,144,85
LTP265,5,148,108,112,85
LTP265,1,162,94,108,64
LTP265,16,188,68,165,61
LTP266,0,111,145,102,137
LTP266,4,143,113,131,105
LTP266,3,121,135,95,95
LTP266,1,102,154,97,143
LTP266,6,146,110,135,98
LTP266,2,110,146,55,77
LTP266,5,136,120,116,98
LTP267,2,111,145,110,135
LTP267,5,114,142,104,103
LTP267,16,95,161,59,85
LTP267,18,97,159,69,118
LTP267,1,143,113,142,109
LTP267,6,95,161,74,124
LTP267,17,95,161,69,105
LTP267,4,164,92,150,79
LTP267,3,94,162,91,149
LTP267,7,99,125,80,113
LTP267,0,125,131,125,130
LTP267,19,109,147,92,105
LTP268,7,199,25,132,14
LTP268,18,214,42,113,26
LTP268,0,146,110,82,64
LTP268,4,193,63,81,15
LTP268,16,222,34,111,17
LTP268,3,224,32,175,24
LTP268,1,197,59,161,49
LTP268,19,221,35,157,25
LTP268,2,192,64,113,28
LTP268,17,216,40,80,12
LTP268,5,224,32,123,18
LTP269,19,106,150,80,110
LTP269,0,173,83,155,70
LTP269,7,106,118,75,81
LTP269,3,131,125,118,109
LTP269,4,134,122,128,111
LTP269,17,155,101,135,93
LTP269,6,152,104,123,93
LTP269,1,167,89,165,88
LTP269,18,199,57,191,52
LTP269,5,121,135,109,119
LTP269,2,171,85,158,77
LTP270,2,103,153,100,136
LTP270,18,115,141,109,138
LTP270,5,115,141,109,135
LTP270,1,91,165,91,161
LTP270,16,109,147,106,143
LTP270,6,100,156,94,149
LTP270,4,111,145,105,139
LTP270,19,93,163,80,141
LTP270,3,106,150,106,150
LTP270,7,75,149,61,113
LTP270,17,122,134,115,127
LTP270,0,110,146,103,134
LTP271,7,87,137,65,112
LTP271,17,108,148,96,123
LTP271,0,124,132,124,130
LTP271,4,103,153,96,143
LTP271,19,157,99,133,77
LTP271,3,122,134,118,133
LTP271,1,114,142,111,137
LTP271,16,85,171,75,160
LTP271,6,109,147,91,115
LTP271,2,80,176,72,166
LTP271,18,150,106,141,93
LTP271,5,108,148,97,135
LTP272,6,246,10,214,7
LTP272,16,247,9,239,9
LTP272,1,221,35,197,28
LTP272,5,237,19,229,17
LTP272,18,253,3,249,3
LTP272,2,236,20,120,6
LTP272,0,210,46,197,45
LTP272,17,253,3,251,3
LTP272,7,175,49,72,14
LTP272,3,215,41,127,23
LTP272,19,251,5,249,5
LTP272,4,240,16,172,9
LTP273,1,99,157,70,130
LTP273,17,80,176,70,138
LTP273,6,113,143,92,112
LTP273,2,97,159,91,158
LTP273,19,85,171,81,156
LTP273,5,102,154,87,122
LTP273,7,80,144,69,120
LTP273,16,90,166,71,132
LTP273,0,113,143,90,126
LTP273,4,115,141,89,114
LTP273,18,73,183,66,168
LTP273,3,134,122,110,103
LTP274,19,100,156,84,141
LTP274,4,102,154,72,98
LTP274,3,151,105,112,66
LTP274,7,101,123,87,102
LTP274,0,111,145,101,128
LTP274,17,82,174,39,84
LTP274,2,161,95,132,81
LTP274,5,118,138,92,97
LTP274,18,89,167,67,104
LTP274,16,78,178,67,152
LTP274,1,145,111,88,63
LTP274,6,116,140,100,114
LTP275,6,215,41,177,34
LTP275,1,195,61,163,54
LTP275,17,232,24,163,18
LTP275,19,241,15,223,14
LTP275,5,201,55,184,49
LTP275,2,191,65,178,64
LTP275,0,187,69,134,44
LTP275,16,230,26,218,25
LTP275,7,179,45,121,34
LTP275,3,233,23,222,23
LTP275,18,235,21,198,20
LTP275,4,239,17,180,15
LTP276,16,150,106,137,92
LTP276,1,159,97,127,73
LTP276,6,148,108,141,105
LTP276,2,179,77,167,70
LTP276,5,142,114,129,104
LTP276,18,201,55,185,50
LTP276,7,115,109,110,100
LTP276,17,175,81,110,40
LTP276,0,156,100,127,75
LTP276,4,159,97,145,78
LTP276,19,197,59,177,45
LTP276,3,167,89,139,60
LTP277,2,164,92,155,86
LTP277,5,194,62,131,48
LTP277,1,134,122,118,101
LTP277,6,211,45,165,40
LTP277,4,211,45,196,39
LTP277,3,203,53,202,53
LTP277,7,148,76,133,66
LTP277,0,145,111,143,110
LTP278,1,130,126,119,109
LTP278,17,139,117,56,62
LTP278,6,107,149,91,137
LTP278,2,136,120,126,114
LTP278,19,195,61,116,43
LTP278,5,92,164,81,146
LTP278,7,111,113,93,100
LTP278,16,179,77,161,70
LTP278,0,122,134,118,129
LTP278,4,105,151,91,144
LTP278,18,173,83,141,70
LTP278,3,139,117,123,97
LTP279,6,185,71,94,20
LTP279,1,200,56,103,20
LTP279,16,217,39,145,27
LTP279,18,182,74,136,49
LTP279,5,127,129,119,114
LTP279,2,147,109,132,98
LTP279,17,179,77,50,20
LTP279,0,181,75,76,36
LTP279,7,178,46,96,21
LTP279,3,168,88,144,70
LTP279,4,160,96,32,15
LTP279,19,235,21,145,14
LTP280,3,140,116,98,76
LTP280,4,132,124,103,102
LTP280,16,143,113,130,101
LTP280,18,123,133,111,115
LTP280,0,140,116,138,115
LTP280,7,122,102,59,44
LTP280,17,129,127,113,116
LTP280,5,124,132,90,109
LTP280,2,122,134,85,92
LTP280,6,114,142,104,120
LTP280,1,125,131,116,122
LTP280,19,123,133,91,107
LTP281,5,126,130,101,102
LTP281,2,114,142,105,122
LTP281,6,125,131,118,113
LTP281,1,127,129,121,121
LTP281,16,54,202,33,121
LTP281,3,116,140,78,96
LTP281,4,126,130,111,122
LTP281,19,89,167,66,118
LTP281,17,64,192,47,142
LTP281,0,127,129,114,118
LTP281,7,86,138,60,97
LTP282,5,169,87,163,85
LTP282,2,152,104,150,101
LTP282,1,148,108,141,105
LTP282,3,149,107,145,106
LTP282,4,156,100,152,97
LTP282,0,161,95,160,94
LTP283,6,196,60,183,59
LTP283,16,173,83,170,82
LTP283,1,173,83,134,64
LTP283,5,200,56,197,55
LTP283,18,183,73,164,60
LTP283,2,200,56,190,54
LTP283,0,147,109,144,104
LTP283,7,157,67,128,61
LTP283,17,226,30,205,26
LTP283,19,214,42,191,38
LTP283,3,178,78,176,77
LTP283,4,180,76,142,59
LTP284,0,159,97,126,80
LTP284,17,169,87,112,50
LTP284,7,90,134,90,133
LTP284,3,185,71,145,60
LTP284,19,179,77,128,59
LTP284,4,155,101,105,69
LTP284,6,154,102,154,102
LTP284,16,213,43,161,33
LTP284,1,160,96,147,90
LTP284,5,101,155,85,134
LTP284,18,183,73,92,31
LTP284,2,179,77,179,77
LTP285,0,156,100,139,90
LTP285,17,191,65,164,48
LTP285,19,190,66,184,65
LTP285,3,160,96,156,95
LTP285,4,167,89,155,86
LTP285,16,175,81,150,69
LTP285,6,173,83,165,81
LTP285,1,154,102,147,101
LTP285,5,170,86,147,71
LTP285,2,149,107,141,104
LTP286,4,148,108,137,101
LTP286,19,195,61,155,42
LTP286,3,160,96,154,94
LTP286,7,47,177,40,160
LTP286,17,143,113,128,104
LTP286,0,139,117,92,81
LTP286,2,165,91,149,81
LTP286,18,154,102,113,75
LTP286,5,178,78,168,72
LTP286,1,140,116,124,101
LTP286,16,182,74,171,72
LTP286,6,155,101,138,91
LTP287,4,185,71,176,65
LTP287,16,176,80,169,77
LTP287,3,190,66,181,65
LTP287,7,126,98,38,26
LTP287,18,213,43,169,40
LTP287,0,148,108,138,98
LTP287,2,157,99,143,88
LTP287,17,143,113,43,49
LTP287,5,196,60,143,36
LTP287,1,165,91,147,88
LTP287,19,178,78,149,60
LTP287,6,171,85,68,40
LTP288,1,146,110,111,76
LTP288,18,188,68,145,54
LTP288,6,191,65,151,51
LTP288,2,145,111,110,81
LTP288,16,193,63,141,49
LTP288,5,197,59,163,41
LTP288,19,206,50,144,42
LTP288,7,177,47,146,40
LTP288,0,150,106,118,70
LTP288,4,158,98,115,63
LTP288,3,151,105,145,92
LTP288,17,197,59,144,34
LTP289,5,202,54,202,54
LTP289,17,224,32,214,32
LTP289,2,150,106,135,88
LTP289,6,182,74,142,53
LTP289,19,215,41,185,38
LTP289,1,146,110,123,94
LTP289,3,179,77,166,67
LTP289,16,209,47,194,44
LTP289,4,181,75,164,68
LTP289,0,140,116,110,87
LTP289,18,223,33,200,26
LTP289,7,130,94,57,49
LTP290,0,148,108,88,60
LTP290,19,215,41,163,32
LTP290,7,90,134,85,117
LTP290,3,163,93,111,61
LTP290,17,167,89,83,52
LTP290,4,152,104,120,82
LTP290,6,222,34,217,32
LTP290,1,192,64,140,42
LTP290,5,162,94,125,72
LTP290,16,219,37,183,26
LTP290,2,205,51,179,39
LTP291,16,212,44,101,18
LTP291,1,113,143,94,112
LTP291,6,88,168,42,71
LTP291,2,111,145,103,127
LTP291,5,130,126,128,124
LTP291,18,204,52,178,45
LTP291,7,69,155,36,86
LTP291,17,150,106,102,68
LTP291,0,95,161,41,71
LTP291,4,116,140,97,106
LTP291,19,184,72,34,13
LTP291,3,154,102,73,55
LTP292,1,152,104,145,100
LTP292,6,168,88,108,61
LTP292,2,166,90,143,71
LTP292,5,180,76,122,62
LTP292,0,140,116,130,110
LTP292,4,166,90,134,63
LTP292,3,161,95,113,69
LTP293,18,167,89,129,71
LTP293,3,151,105,136,77
LTP293,4,173,83,132,64
LTP293,0,153,103,125,84
LTP293,7,127,97,116,86
LTP293,16,157,99,128,85
LTP293,5,177,79,164,72
LTP293,19,182,74,141,52
LTP293,2,163,93,137,87
LTP293,6,167,89,131,71
LTP293,17,126,130,84,72
LTP293,1,144,112,130,102
LTP294,7,111,113,103,95
LTP294,0,148,108,98,64
LTP294,4,133,123,105,94
LTP294,3,179,77,131,56
LTP294,1,164,92,144,79
LTP294,6,175,81,167,79
LTP294,2,138,118,96,79
LTP294,5,166,90,142,78
LTP331,1,234,22,231,22
LTP331,6,247,9,219,8
LTP331,2,235,21,198,15
LTP331,5,240,16,239,16
LTP331,0,244,12,232,12
LTP331,4,236,20,205,17
LTP331,3,230,26,229,26
LTP332,4,133,123,133,123
LTP332,0,112,144,103,125
LTP332,2,146,110,129,97
LTP332,6,127,129,125,123
LTP332,1,96,160,95,157
LTP333,1,168,88,149,79
LTP333,6,171,85,168,80
LTP333,2,146,110,137,99
LTP333,5,162,94,138,79
LTP333,0,120,136,116,134
LTP333,4,201,55,174,47
LTP333,3,164,92,130,73
LTP334,4,202,54,189,49
LTP334,3,212,44,179,36
LTP334,0,190,66,189,66
LTP334,2,222,34,185,28
LTP334,5,223,33,196,24
LTP334,1,182,74,179,72
LTP334,6,211,45,208,45
LTP335,5,208,48,195,47
LTP335,1,213,43,197,41
LTP335,6,205,51,188,44
LTP335,4,198,58,198,58
LTP335,3,214,42,205,41
LTP335,0,164,92,148,77
LTP336,2,146,110,138,108
LTP336,5,146,110,144,110
LTP336,0,157,99,155,98
LTP336,4,128,128,128,124
LTP337,3,123,133,121,118
LTP337,4,131,125,129,124
LTP337,0,110,146,97,134
LTP337,5,125,131,115,120
LTP337,2,95,161,88,152
LTP337,6,129,127,119,115
LTP337,1,101,155,97,152
LTP338,0,120,136,110,128
LTP338,6,139,117,137,114
LTP338,1,142,114,129,111
LTP338,5,135,121,126,113
LTP339,1,115,141,109,128
LTP339,6,139,117,118,101
LTP339,2,139,117,128,114
LTP339,5,146,110,146,110
LTP339,0,124,132,124,131
LTP339,4,154,102,144,99
